"lemma","nrc"
"top","anticipation"
"top","positive"
"top","trust"
"earthquake","anger"
"earthquake","fear"
"earthquake","negative"
"earthquake","sadness"
"earthquake","surprise"
"leave","negative"
"leave","sadness"
"leave","surprise"
"homeless","anger"
"homeless","anticipation"
"homeless","disgust"
"homeless","fear"
"homeless","negative"
"homeless","sadness"
"earthquake","anger"
"earthquake","fear"
"earthquake","negative"
"earthquake","sadness"
"earthquake","surprise"
"devastation","anger"
"devastation","fear"
"devastation","negative"
"devastation","sadness"
"devastation","surprise"
"suffer","negative"
"hamper","negative"
"rescue","anticipation"
"rescue","joy"
"rescue","positive"
"rescue","surprise"
"rescue","trust"
"effort","positive"
"injured","fear"
"injured","negative"
"injured","sadness"
"damage","anger"
"damage","disgust"
"damage","negative"
"damage","sadness"
"guardian","positive"
"guardian","trust"
"lose","anger"
"lose","disgust"
"lose","fear"
"lose","negative"
"lose","sadness"
"lose","surprise"
"extend","positive"
"bury","sadness"
"partner","positive"
"organization","anticipation"
"organization","joy"
"organization","positive"
"organization","surprise"
"organization","trust"
"humanitarian","anticipation"
"humanitarian","joy"
"humanitarian","positive"
"humanitarian","surprise"
"humanitarian","trust"
"supplies","positive"
"provide","positive"
"provide","trust"
"shelter","positive"
"shelter","trust"
"leave","negative"
"leave","sadness"
"leave","surprise"
"homeless","anger"
"homeless","anticipation"
"homeless","disgust"
"homeless","fear"
"homeless","negative"
"homeless","sadness"
"humanitarian","anticipation"
"humanitarian","joy"
"humanitarian","positive"
"humanitarian","surprise"
"humanitarian","trust"
"disaster","anger"
"disaster","disgust"
"disaster","fear"
"disaster","negative"
"disaster","sadness"
"disaster","surprise"
"earthquake","anger"
"earthquake","fear"
"earthquake","negative"
"earthquake","sadness"
"earthquake","surprise"
"hit","anger"
"hit","negative"
"humanitarian","anticipation"
"humanitarian","joy"
"humanitarian","positive"
"humanitarian","surprise"
"humanitarian","trust"
"crisis","negative"
"displace","negative"
"conflict","anger"
"conflict","fear"
"conflict","negative"
"conflict","sadness"
"survive","positive"
"level","positive"
"level","trust"
"poverty","anger"
"poverty","disgust"
"poverty","fear"
"poverty","negative"
"poverty","sadness"
"fight","anger"
"fight","fear"
"fight","negative"
"committee","trust"
"cross","anger"
"cross","fear"
"cross","negative"
"cross","sadness"
"warn","anticipation"
"warn","fear"
"warn","negative"
"warn","surprise"
"warn","trust"
"humanitarian","anticipation"
"humanitarian","joy"
"humanitarian","positive"
"humanitarian","surprise"
"humanitarian","trust"
"bear","anger"
"bear","fear"
"brunt","anger"
"brunt","negative"
"ongoing","anticipation"
"fighting","anger"
"fighting","negative"
"deteriorate","fear"
"deteriorate","negative"
"deteriorate","sadness"
"war","fear"
"war","negative"
"school","trust"
"hospital","fear"
"hospital","sadness"
"hospital","trust"
"damage","anger"
"damage","disgust"
"damage","negative"
"damage","sadness"
"vital","positive"
"medical","anticipation"
"medical","fear"
"medical","positive"
"medical","trust"
"volunteer","anticipation"
"volunteer","fear"
"volunteer","joy"
"volunteer","positive"
"volunteer","trust"
"evacuate","fear"
"evacuate","negative"
"leave","negative"
"leave","sadness"
"leave","surprise"
"electricity","positive"
"mobile","anticipation"
"network","anticipation"
"official","trust"
"flee","fear"
"flee","negative"
"massacre","anger"
"massacre","disgust"
"massacre","fear"
"massacre","negative"
"massacre","sadness"
"kill","fear"
"kill","negative"
"kill","sadness"
"attack","anger"
"attack","fear"
"attack","negative"
"suggest","trust"
"kill","fear"
"kill","negative"
"kill","sadness"
"resident","positive"
"victim","anger"
"victim","fear"
"victim","negative"
"victim","sadness"
"minority","negative"
"community","positive"
"seek","anticipation"
"attack","anger"
"attack","fear"
"attack","negative"
"crisis","negative"
"conflict","anger"
"conflict","fear"
"conflict","negative"
"conflict","sadness"
"erupt","anger"
"erupt","negative"
"erupt","surprise"
"late","negative"
"late","sadness"
"create","joy"
"create","positive"
"refugee","sadness"
"war","fear"
"war","negative"
"watch","anticipation"
"watch","fear"
"refugee","sadness"
"status","positive"
"refugee","sadness"
"majority","joy"
"majority","positive"
"majority","trust"
"ahead","positive"
"refugee","sadness"
"status","positive"
"crisis","negative"
"force","anger"
"force","fear"
"force","negative"
"flee","fear"
"flee","negative"
"trend","positive"
"force","anger"
"force","fear"
"force","negative"
"refugee","sadness"
"refugee","sadness"
"refugee","sadness"
"organize","positive"
"include","positive"
"refugee","sadness"
"refugee","sadness"
"pandemic","fear"
"pandemic","negative"
"pandemic","sadness"
"crisis","negative"
"refugee","sadness"
"asylum","fear"
"asylum","negative"
"agree","positive"
"refugee","sadness"
"refugee","sadness"
"appeal","anticipation"
"departure","negative"
"departure","sadness"
"public","anticipation"
"public","positive"
"refugee","sadness"
"increase","positive"
"refugee","sadness"
"flee","fear"
"flee","negative"
"conflict","anger"
"conflict","fear"
"conflict","negative"
"conflict","sadness"
"persecution","anger"
"persecution","disgust"
"persecution","fear"
"persecution","negative"
"persecution","sadness"
"result","anticipation"
"suggest","trust"
"public","anticipation"
"public","positive"
"flee","fear"
"flee","negative"
"war","fear"
"war","negative"
"lead","positive"
"refugee","sadness"
"hope","anticipation"
"hope","joy"
"hope","positive"
"hope","surprise"
"hope","trust"
"momentum","anticipation"
"momentum","positive"
"refugee","sadness"
"refugee","sadness"
"war","fear"
"war","negative"
"violent","anger"
"violent","disgust"
"violent","fear"
"violent","negative"
"violent","surprise"
"conflict","anger"
"conflict","fear"
"conflict","negative"
"conflict","sadness"
"lower","negative"
"lower","sadness"
"persecution","anger"
"persecution","disgust"
"persecution","fear"
"persecution","negative"
"persecution","sadness"
"government","fear"
"government","negative"
"provide","positive"
"provide","trust"
"refugee","sadness"
"asylum","fear"
"asylum","negative"
"action","positive"
"prevent","fear"
"death","anger"
"death","anticipation"
"death","disgust"
"death","fear"
"death","negative"
"death","sadness"
"death","surprise"
"abuse","anger"
"abuse","disgust"
"abuse","fear"
"abuse","negative"
"abuse","sadness"
"refugee","sadness"
"asylum","fear"
"asylum","negative"
"journey","anticipation"
"journey","fear"
"journey","joy"
"journey","positive"
"asylum","fear"
"asylum","negative"
"journey","anticipation"
"journey","fear"
"journey","joy"
"journey","positive"
"inspired","joy"
"inspired","positive"
"inspired","surprise"
"inspired","trust"
"twin","positive"
"bear","anger"
"bear","fear"
"refugee","sadness"
"threat","anger"
"threat","fear"
"threat","negative"
"united","positive"
"united","trust"
"school","trust"
"share","anticipation"
"share","joy"
"share","positive"
"share","trust"
"refugee","sadness"
"refugee","sadness"
"top","anticipation"
"top","positive"
"top","trust"
"force","anger"
"force","fear"
"force","negative"
"flee","fear"
"flee","negative"
"forcibly","anger"
"forcibly","fear"
"forcibly","negative"
"displace","negative"
"war","fear"
"war","negative"
"violence","anger"
"violence","fear"
"violence","negative"
"violence","sadness"
"persecution","anger"
"persecution","disgust"
"persecution","fear"
"persecution","negative"
"persecution","sadness"
"abuse","anger"
"abuse","disgust"
"abuse","fear"
"abuse","negative"
"abuse","sadness"
"accord","positive"
"accord","trust"
"trend","positive"
"displace","negative"
"accord","positive"
"accord","trust"
"refugee","sadness"
"asylum","fear"
"asylum","negative"
"displace","negative"
"journalist","positive"
"warn","anticipation"
"warn","fear"
"warn","negative"
"warn","surprise"
"warn","trust"
"food","joy"
"food","positive"
"food","trust"
"crisis","negative"
"war","fear"
"war","negative"
"threaten","anger"
"threaten","anticipation"
"threaten","fear"
"threaten","negative"
"accelerate","anticipation"
"devastating","anger"
"devastating","disgust"
"devastating","fear"
"devastating","negative"
"devastating","sadness"
"devastating","trust"
"devastating","anger"
"devastating","disgust"
"devastating","fear"
"devastating","negative"
"devastating","sadness"
"devastating","trust"
"grow","anticipation"
"grow","joy"
"grow","positive"
"grow","trust"
"food","joy"
"food","positive"
"food","trust"
"insecurity","fear"
"insecurity","negative"
"conflict","anger"
"conflict","fear"
"conflict","negative"
"conflict","sadness"
"hail","negative"
"hail","positive"
"hail","trust"
"generous","joy"
"generous","positive"
"generous","trust"
"crisis","negative"
"crisis","negative"
"plan","anticipation"
"deportation","anger"
"deportation","fear"
"deportation","negative"
"deportation","sadness"
"court","anger"
"court","anticipation"
"court","fear"
"government","fear"
"government","negative"
"continue","anticipation"
"continue","positive"
"continue","trust"
"deport","fear"
"deport","negative"
"deport","sadness"
"asylum","fear"
"asylum","negative"
"court","anger"
"court","anticipation"
"court","fear"
"policy","trust"
"rule","fear"
"rule","trust"
"ahead","positive"
"appeal","anticipation"
"rule","fear"
"rule","trust"
"court","anger"
"court","anticipation"
"court","fear"
"grant","anticipation"
"grant","joy"
"grant","positive"
"grant","trust"
"injunction","negative"
"asylum","fear"
"asylum","negative"
"lawyer","anger"
"lawyer","disgust"
"lawyer","fear"
"lawyer","negative"
"successful","anticipation"
"successful","joy"
"successful","positive"
"successful","trust"
"cancel","negative"
"cancel","sadness"
"government","fear"
"government","negative"
"agreement","positive"
"agreement","trust"
"protect","positive"
"thwart","negative"
"thwart","surprise"
"smuggler","anger"
"smuggler","disgust"
"smuggler","fear"
"smuggler","negative"
"asylum","fear"
"asylum","negative"
"policy","trust"
"wrong","negative"
"reason","positive"
"create","joy"
"create","positive"
"challenge","anger"
"challenge","fear"
"challenge","negative"
"policy","trust"
"expect","anticipation"
"expect","positive"
"expect","surprise"
"expect","trust"
"flee","fear"
"flee","negative"
"massacre","anger"
"massacre","disgust"
"massacre","fear"
"massacre","negative"
"massacre","sadness"
"child","anticipation"
"child","joy"
"child","positive"
"arrive","anticipation"
"flee","fear"
"flee","negative"
"brutal","anger"
"brutal","fear"
"brutal","negative"
"attack","anger"
"attack","fear"
"attack","negative"
"armed","anger"
"armed","fear"
"armed","negative"
"armed","positive"
"cross","anger"
"cross","fear"
"cross","negative"
"cross","sadness"
"attack","anger"
"attack","fear"
"attack","negative"
"leave","negative"
"leave","sadness"
"leave","surprise"
"death","anger"
"death","anticipation"
"death","disgust"
"death","fear"
"death","negative"
"death","sadness"
"death","surprise"
"arrival","anticipation"
"account","trust"
"armed","anger"
"armed","fear"
"armed","negative"
"armed","positive"
"seek","anticipation"
"kill","fear"
"kill","negative"
"kill","sadness"
"fight","anger"
"fight","fear"
"fight","negative"
"armed","anger"
"armed","fear"
"armed","negative"
"armed","positive"
"government","fear"
"government","negative"
"force","anger"
"force","fear"
"force","negative"
"expect","anticipation"
"expect","positive"
"expect","surprise"
"expect","trust"
"arrive","anticipation"
"pressure","negative"
"grow","anticipation"
"grow","joy"
"grow","positive"
"grow","trust"
"crisis","negative"
"grow","anticipation"
"grow","joy"
"grow","positive"
"grow","trust"
"force","anger"
"force","fear"
"force","negative"
"flee","fear"
"flee","negative"
"watch","anticipation"
"watch","fear"
"leader","positive"
"leader","trust"
"cross","anger"
"cross","fear"
"cross","negative"
"cross","sadness"
"aid","positive"
"include","positive"
"appeal","anticipation"
"council","anticipation"
"council","positive"
"council","trust"
"cross","anger"
"cross","fear"
"cross","negative"
"cross","sadness"
"aid","positive"
"council","anticipation"
"council","positive"
"council","trust"
"vote","anger"
"vote","anticipation"
"vote","joy"
"vote","negative"
"vote","positive"
"vote","sadness"
"vote","surprise"
"vote","trust"
"partner","positive"
"humanitarian","anticipation"
"humanitarian","joy"
"humanitarian","positive"
"humanitarian","surprise"
"humanitarian","trust"
"aid","positive"
"humanitarian","anticipation"
"humanitarian","joy"
"humanitarian","positive"
"humanitarian","surprise"
"humanitarian","trust"
"aid","positive"
"survive","positive"
"displace","negative"
"aid","positive"
"ay","positive"
"government","fear"
"government","negative"
"deputy","trust"
"humanitarian","anticipation"
"humanitarian","joy"
"humanitarian","positive"
"humanitarian","surprise"
"humanitarian","trust"
"catastrophe","anger"
"catastrophe","disgust"
"catastrophe","fear"
"catastrophe","negative"
"catastrophe","sadness"
"catastrophe","surprise"
"poverty","anger"
"poverty","disgust"
"poverty","fear"
"poverty","negative"
"poverty","sadness"
"surge","surprise"
"aid","positive"
"increase","positive"
"rainy","sadness"
"expect","anticipation"
"expect","positive"
"expect","surprise"
"expect","trust"
"leave","negative"
"leave","sadness"
"leave","surprise"
"dire","disgust"
"dire","fear"
"dire","negative"
"dire","sadness"
"dire","surprise"
"famine","negative"
"famine","sadness"
"detect","positive"
"deprivation","anger"
"deprivation","disgust"
"deprivation","fear"
"deprivation","negative"
"deprivation","sadness"
"makeshift","negative"
"aid","positive"
"august","positive"
"hit","anger"
"hit","negative"
"economy","trust"
"food","joy"
"food","positive"
"food","trust"
"slash","anger"
"income","anticipation"
"income","joy"
"income","negative"
"income","positive"
"income","sadness"
"income","trust"
"stale","negative"
"survive","positive"
"violence","anger"
"violence","fear"
"violence","negative"
"violence","sadness"
"force","anger"
"force","fear"
"force","negative"
"flee","fear"
"flee","negative"
"kill","fear"
"kill","negative"
"kill","sadness"
"displace","negative"
"attack","anger"
"attack","fear"
"attack","negative"
"attack","anger"
"attack","fear"
"attack","negative"
"safe","joy"
"safe","positive"
"safe","trust"
"displace","negative"
"resident","positive"
"rape","anger"
"rape","disgust"
"rape","fear"
"rape","negative"
"rape","sadness"
"abduction","fear"
"abduction","negative"
"abduction","sadness"
"abduction","surprise"
"accord","positive"
"accord","trust"
"save","joy"
"save","positive"
"save","trust"
"child","anticipation"
"child","joy"
"child","positive"
"attack","anger"
"attack","fear"
"attack","negative"
"humanitarian","anticipation"
"humanitarian","joy"
"humanitarian","positive"
"humanitarian","surprise"
"humanitarian","trust"
"operation","fear"
"operation","trust"
"displace","negative"
"partner","positive"
"organization","anticipation"
"organization","joy"
"organization","positive"
"organization","surprise"
"organization","trust"
"assist","positive"
"assist","trust"
"displace","negative"
"conflict","anger"
"conflict","fear"
"conflict","negative"
"conflict","sadness"
"start","anticipation"
"action","positive"
"prevent","fear"
"death","anger"
"death","anticipation"
"death","disgust"
"death","fear"
"death","negative"
"death","sadness"
"death","surprise"
"abuse","anger"
"abuse","disgust"
"abuse","fear"
"abuse","negative"
"abuse","sadness"
"refugee","sadness"
"asylum","fear"
"asylum","negative"
"journey","anticipation"
"journey","fear"
"journey","joy"
"journey","positive"
"asylum","fear"
"asylum","negative"
"journey","anticipation"
"journey","fear"
"journey","joy"
"journey","positive"
"inspired","joy"
"inspired","positive"
"inspired","surprise"
"inspired","trust"
"strike","anger"
"strike","negative"
"pose","negative"
"refugee","sadness"
"time","anticipation"
"earn","positive"
"belt","anger"
"belt","fear"
"belt","negative"
"instructor","anticipation"
"instructor","positive"
"instructor","trust"
"credit","positive"
"credit","trust"
"asylum","fear"
"asylum","negative"
"submit","anticipation"
"united","positive"
"united","trust"
"top","anticipation"
"top","positive"
"top","trust"
"force","anger"
"force","fear"
"force","negative"
"leader","positive"
"leader","trust"
"president","positive"
"president","trust"
"create","joy"
"create","positive"
"opportunity","anticipation"
"opportunity","positive"
"force","anger"
"force","fear"
"force","negative"
"expect","anticipation"
"expect","positive"
"expect","surprise"
"expect","trust"
"leader","positive"
"leader","trust"
"manage","positive"
"manage","trust"
"official","trust"
"nation","trust"
"provide","positive"
"provide","trust"
"humanitarian","anticipation"
"humanitarian","joy"
"humanitarian","positive"
"humanitarian","surprise"
"humanitarian","trust"
"earn","positive"
"share","anticipation"
"share","joy"
"share","positive"
"share","trust"
"destination","anticipation"
"destination","fear"
"destination","joy"
"destination","positive"
"destination","sadness"
"destination","surprise"
"leader","positive"
"leader","trust"
"asylum","fear"
"asylum","negative"
"question","positive"
"asylum","fear"
"asylum","negative"
"grow","anticipation"
"grow","joy"
"grow","positive"
"grow","trust"
"frustrated","anger"
"frustrated","negative"
"wait","anticipation"
"wait","negative"
"status","positive"
"deportation","anger"
"deportation","fear"
"deportation","negative"
"deportation","sadness"
"plan","anticipation"
"legal","positive"
"legal","trust"
"challenge","anger"
"challenge","fear"
"challenge","negative"
"plan","anticipation"
"asylum","fear"
"asylum","negative"
"deal","anticipation"
"deal","joy"
"deal","positive"
"deal","surprise"
"deal","trust"
"agree","positive"
"legal","positive"
"legal","trust"
"challenge","anger"
"challenge","fear"
"challenge","negative"
"launch","anticipation"
"launch","positive"
"trade","trust"
"force","anger"
"force","fear"
"force","negative"
"charity","joy"
"charity","positive"
"asylum","fear"
"asylum","negative"
"removal","negative"
"judicial","anticipation"
"judicial","positive"
"judicial","trust"
"policy","trust"
"court","anger"
"court","anticipation"
"court","fear"
"claimant","anger"
"claimant","disgust"
"seek","anticipation"
"injunction","negative"
"prevent","fear"
"ahead","positive"
"hearing","fear"
"hearing","negative"
"claimant","anger"
"claimant","disgust"
"lose","anger"
"lose","disgust"
"lose","fear"
"lose","negative"
"lose","sadness"
"lose","surprise"
"appeal","anticipation"
"join","positive"
"appeal","anticipation"
"judicial","anticipation"
"judicial","positive"
"judicial","trust"
"refugee","sadness"
"charity","joy"
"charity","positive"
"asylum","fear"
"asylum","negative"
"aid","positive"
"urgent","anticipation"
"urgent","fear"
"urgent","negative"
"urgent","surprise"
"interim","anticipation"
"injunction","negative"
"prevent","fear"
"leave","negative"
"leave","sadness"
"leave","surprise"
"asylum","fear"
"asylum","negative"
"arrive","anticipation"
"agreement","positive"
"agreement","trust"
"refugee","sadness"
"accord","positive"
"accord","trust"
"authority","positive"
"authority","trust"
"refugee","sadness"
"include","positive"
"cross","anger"
"cross","fear"
"cross","negative"
"cross","sadness"
"scheme","negative"
"war","fear"
"war","negative"
"crisis","negative"
"displace","negative"
"visit","positive"
"intend","trust"
"damage","anger"
"damage","disgust"
"damage","negative"
"damage","sadness"
"struggle","anger"
"struggle","fear"
"struggle","negative"
"struggle","sadness"
"job","positive"
"force","anger"
"force","fear"
"force","negative"
"leave","negative"
"leave","sadness"
"leave","surprise"
"watch","anticipation"
"watch","fear"
"conflict","anger"
"conflict","fear"
"conflict","negative"
"conflict","sadness"
"food","joy"
"food","positive"
"food","trust"
"crisis","negative"
"warning","fear"
"food","joy"
"food","positive"
"food","trust"
"worse","fear"
"worse","negative"
"worse","sadness"
"pandemic","fear"
"pandemic","negative"
"pandemic","sadness"
"war","fear"
"war","negative"
"food","joy"
"food","positive"
"food","trust"
"food","joy"
"food","positive"
"food","trust"
"agriculture","positive"
"organization","anticipation"
"organization","joy"
"organization","positive"
"organization","surprise"
"organization","trust"
"expect","anticipation"
"expect","positive"
"expect","surprise"
"expect","trust"
"starvation","fear"
"starvation","negative"
"starvation","sadness"
"death","anger"
"death","anticipation"
"death","disgust"
"death","fear"
"death","negative"
"death","sadness"
"death","surprise"
"include","positive"
"drought","negative"
"hurricane","fear"
"hurricane","negative"
"cyclone","fear"
"cyclone","negative"
"cyclone","surprise"
"statement","positive"
"statement","trust"
"child","anticipation"
"child","joy"
"child","positive"
"die","fear"
"die","negative"
"die","sadness"
"conflict","anger"
"conflict","fear"
"conflict","negative"
"conflict","sadness"
"attack","anger"
"attack","fear"
"attack","negative"
"leave","negative"
"leave","sadness"
"leave","surprise"
"attack","anger"
"attack","fear"
"attack","negative"
"kill","fear"
"kill","negative"
"kill","sadness"
"resident","positive"
"attack","anger"
"attack","fear"
"attack","negative"
"dispute","anger"
"dispute","negative"
"land","positive"
"crisis","negative"
"deadly","anger"
"deadly","disgust"
"deadly","fear"
"deadly","negative"
"deadly","sadness"
"delay","anger"
"delay","disgust"
"delay","fear"
"delay","negative"
"delay","sadness"
"attack","anger"
"attack","fear"
"attack","negative"
"kill","fear"
"kill","negative"
"kill","sadness"
"attack","anger"
"attack","fear"
"attack","negative"
"church","anticipation"
"church","joy"
"church","positive"
"church","trust"
"official","trust"
"suspect","fear"
"suspect","negative"
"attack","anger"
"attack","fear"
"attack","negative"
"mediterranean","positive"
"fatal","anger"
"fatal","fear"
"fatal","negative"
"fatal","sadness"
"refugee","sadness"
"cross","anger"
"cross","fear"
"cross","negative"
"cross","sadness"
"mediterranean","positive"
"fall","negative"
"fall","sadness"
"journey","anticipation"
"journey","fear"
"journey","joy"
"journey","positive"
"fatal","anger"
"fatal","fear"
"fatal","negative"
"fatal","sadness"
"die","fear"
"die","negative"
"die","sadness"
"missing","fear"
"missing","negative"
"missing","sadness"
"cross","anger"
"cross","fear"
"cross","negative"
"cross","sadness"
"mediterranean","positive"
"include","positive"
"die","fear"
"die","negative"
"die","sadness"
"suffer","negative"
"abuse","anger"
"abuse","disgust"
"abuse","fear"
"abuse","negative"
"abuse","sadness"
"land","positive"
"smuggler","anger"
"smuggler","disgust"
"smuggler","fear"
"smuggler","negative"
"cross","anger"
"cross","fear"
"cross","negative"
"cross","sadness"
"desert","anger"
"desert","disgust"
"desert","fear"
"desert","negative"
"desert","sadness"
"risk","anticipation"
"risk","fear"
"risk","negative"
"detention","negative"
"detention","sadness"
"abuse","anger"
"abuse","disgust"
"abuse","fear"
"abuse","negative"
"abuse","sadness"
"focus","positive"
"include","positive"
"refugee","sadness"
"horror","anger"
"horror","disgust"
"horror","fear"
"horror","negative"
"horror","sadness"
"horror","surprise"
"endure","positive"
"action","positive"
"prevent","fear"
"death","anger"
"death","anticipation"
"death","disgust"
"death","fear"
"death","negative"
"death","sadness"
"death","surprise"
"abuse","anger"
"abuse","disgust"
"abuse","fear"
"abuse","negative"
"abuse","sadness"
"refugee","sadness"
"asylum","fear"
"asylum","negative"
"journey","anticipation"
"journey","fear"
"journey","joy"
"journey","positive"
"asylum","fear"
"asylum","negative"
"journey","anticipation"
"journey","fear"
"journey","joy"
"journey","positive"
"inspired","joy"
"inspired","positive"
"inspired","surprise"
"inspired","trust"
"flee","fear"
"flee","negative"
"arrive","anticipation"
"community","positive"
"radio","positive"
"die","fear"
"die","negative"
"die","sadness"
"missing","fear"
"missing","negative"
"missing","sadness"
"refugee","sadness"
"cross","anger"
"cross","fear"
"cross","negative"
"cross","sadness"
"mediterranean","positive"
"die","fear"
"die","negative"
"die","sadness"
"increase","positive"
"death","anger"
"death","anticipation"
"death","disgust"
"death","fear"
"death","negative"
"death","sadness"
"death","surprise"
"top","anticipation"
"top","positive"
"top","trust"
"conflict","anger"
"conflict","fear"
"conflict","negative"
"conflict","sadness"
"war","fear"
"war","negative"
"grim","anger"
"grim","anticipation"
"grim","disgust"
"grim","fear"
"grim","negative"
"grim","sadness"
"conflict","anger"
"conflict","fear"
"conflict","negative"
"conflict","sadness"
"crisis","negative"
"war","fear"
"war","negative"
"journalist","positive"
"innocent","positive"
"innocent","trust"
"victim","anger"
"victim","fear"
"victim","negative"
"victim","sadness"
"brutal","anger"
"brutal","fear"
"brutal","negative"
"senseless","anger"
"senseless","disgust"
"senseless","fear"
"senseless","negative"
"senseless","sadness"
"senseless","surprise"
"war","fear"
"war","negative"
"fragile","fear"
"fragile","negative"
"fragile","sadness"
"flee","fear"
"flee","negative"
"fight","anger"
"fight","fear"
"fight","negative"
"displaced","anger"
"displaced","fear"
"displaced","sadness"
"flee","fear"
"flee","negative"
"partner","positive"
"assist","positive"
"assist","trust"
"save","joy"
"save","positive"
"save","trust"
"aid","positive"
"vital","positive"
"effort","positive"
"damage","anger"
"damage","disgust"
"damage","negative"
"damage","sadness"
"crisis","negative"
"war","fear"
"war","negative"
"force","anger"
"force","fear"
"force","negative"
"flee","fear"
"flee","negative"
"witness","trust"
"plan","anticipation"
"government","fear"
"government","negative"
"plan","anticipation"
"asylum","fear"
"asylum","negative"
"asylum","fear"
"asylum","negative"
"claimant","anger"
"claimant","disgust"
"inform","trust"
"imminent","anticipation"
"imminent","fear"
"departure","negative"
"departure","sadness"
"letter","anticipation"
"guardian","positive"
"guardian","trust"
"detention","negative"
"detention","sadness"
"ahead","positive"
"strike","anger"
"strike","negative"
"letter","anticipation"
"warning","fear"
"deport","fear"
"deport","negative"
"deport","sadness"
"charity","joy"
"charity","positive"
"warn","anticipation"
"warn","fear"
"warn","negative"
"warn","surprise"
"warn","trust"
"threat","anger"
"threat","fear"
"threat","negative"
"asylum","fear"
"asylum","negative"
"system","trust"
"deportation","anger"
"deportation","fear"
"deportation","negative"
"deportation","sadness"
"unwell","negative"
"unwell","sadness"
"policy","trust"
"grow","anticipation"
"grow","joy"
"grow","positive"
"grow","trust"
"anxious","anticipation"
"anxious","fear"
"anxious","negative"
"distressed","fear"
"distressed","negative"
"conflict","anger"
"conflict","fear"
"conflict","negative"
"conflict","sadness"
"official","trust"
"warn","anticipation"
"warn","fear"
"warn","negative"
"warn","surprise"
"warn","trust"
"food","joy"
"food","positive"
"food","trust"
"war","fear"
"war","negative"
"increase","positive"
"level","positive"
"level","trust"
"conflict","anger"
"conflict","fear"
"conflict","negative"
"conflict","sadness"
"change","fear"
"official","trust"
"warn","anticipation"
"warn","fear"
"warn","negative"
"warn","surprise"
"warn","trust"
"food","joy"
"food","positive"
"food","trust"
"decline","negative"
"hit","anger"
"hit","negative"
"household","positive"
"include","positive"
"refugee","sadness"
"displace","negative"
"special","joy"
"special","positive"
"humanitarian","anticipation"
"humanitarian","joy"
"humanitarian","positive"
"humanitarian","surprise"
"humanitarian","trust"
"crisis","negative"
"change","fear"
"increase","positive"
"level","positive"
"level","trust"
"dependence","fear"
"dependence","negative"
"dependence","sadness"
"president","positive"
"president","trust"
"dependence","fear"
"dependence","negative"
"dependence","sadness"
"risk","anticipation"
"risk","fear"
"risk","negative"
"food","joy"
"food","positive"
"food","trust"
"shortage","anger"
"shortage","fear"
"shortage","negative"
"shortage","sadness"
"war","fear"
"war","negative"
"blockade","anger"
"blockade","fear"
"blockade","negative"
"blockade","sadness"
"sea","positive"
"watch","anticipation"
"watch","fear"
"alarm","fear"
"alarm","negative"
"alarm","surprise"
"worsening","disgust"
"worsening","negative"
"worsening","sadness"
"worse","fear"
"worse","negative"
"worse","sadness"
"humanitarian","anticipation"
"humanitarian","joy"
"humanitarian","positive"
"humanitarian","surprise"
"humanitarian","trust"
"warn","anticipation"
"warn","fear"
"warn","negative"
"warn","surprise"
"warn","trust"
"march","positive"
"rainy","sadness"
"risk","anticipation"
"risk","fear"
"risk","negative"
"rainy","sadness"
"humanitarian","anticipation"
"humanitarian","joy"
"humanitarian","positive"
"humanitarian","surprise"
"humanitarian","trust"
"emergency","fear"
"emergency","negative"
"emergency","sadness"
"emergency","surprise"
"include","positive"
"risk","anticipation"
"risk","fear"
"risk","negative"
"famine","negative"
"famine","sadness"
"special","joy"
"special","positive"
"drought","negative"
"warn","anticipation"
"warn","fear"
"warn","negative"
"warn","surprise"
"warn","trust"
"start","anticipation"
"die","fear"
"die","negative"
"die","sadness"
"population","positive"
"talk","positive"
"refugee","sadness"
"talk","positive"
"ahead","positive"
"accord","positive"
"accord","trust"
"official","trust"
"talk","positive"
"refugee","sadness"
"ahead","positive"
"announcement","anticipation"
"modest","positive"
"modest","trust"
"refugee","sadness"
"accord","positive"
"accord","trust"
"seek","anticipation"
"cooperation","positive"
"cooperation","trust"
"inspired","joy"
"inspired","positive"
"inspired","surprise"
"inspired","trust"
"steal","anger"
"steal","fear"
"steal","negative"
"steal","sadness"
"lose","anger"
"lose","disgust"
"lose","fear"
"lose","negative"
"lose","sadness"
"lose","surprise"
"police","fear"
"police","positive"
"police","trust"
"force","anger"
"force","fear"
"force","negative"
"refugee","sadness"
"expect","anticipation"
"expect","positive"
"expect","surprise"
"expect","trust"
"refurbish","positive"
"public","anticipation"
"public","positive"
"refugee","sadness"
"march","positive"
"demand","anger"
"demand","negative"
"displace","negative"
"seek","anticipation"
"top","anticipation"
"top","positive"
"top","trust"
"forcibly","anger"
"forcibly","fear"
"forcibly","negative"
"displace","negative"
"top","anticipation"
"top","positive"
"top","trust"
"force","anger"
"force","fear"
"force","negative"
"flee","fear"
"flee","negative"
"violence","anger"
"violence","fear"
"violence","negative"
"violence","sadness"
"conflict","anger"
"conflict","fear"
"conflict","negative"
"conflict","sadness"
"persecution","anger"
"persecution","disgust"
"persecution","fear"
"persecution","negative"
"persecution","sadness"
"cross","anger"
"cross","fear"
"cross","negative"
"cross","sadness"
"time","anticipation"
"war","fear"
"war","negative"
"conflict","anger"
"conflict","fear"
"conflict","negative"
"conflict","sadness"
"serve","negative"
"serve","trust"
"prevent","fear"
"destructive","anger"
"destructive","disgust"
"destructive","fear"
"destructive","negative"
"conflict","anger"
"conflict","fear"
"conflict","negative"
"conflict","sadness"
"persecution","anger"
"persecution","disgust"
"persecution","fear"
"persecution","negative"
"persecution","sadness"
"force","anger"
"force","fear"
"force","negative"
"innocent","positive"
"innocent","trust"
"flee","fear"
"flee","negative"
"forcibly","anger"
"forcibly","fear"
"forcibly","negative"
"displace","negative"
"conflict","anger"
"conflict","fear"
"conflict","negative"
"conflict","sadness"
"republic","negative"
"war","fear"
"war","negative"
"displace","negative"
"refugee","sadness"
"include","positive"
"refugee","sadness"
"asylum","fear"
"asylum","negative"
"displace","negative"
"conflict","anger"
"conflict","fear"
"conflict","negative"
"conflict","sadness"
"violence","anger"
"violence","fear"
"violence","negative"
"violence","sadness"
"force","anger"
"force","fear"
"force","negative"
"trend","positive"
"fighting","anger"
"fighting","negative"
"displace","negative"
"republic","negative"
"displace","negative"
"fight","anger"
"fight","fear"
"fight","negative"
"government","fear"
"government","negative"
"force","anger"
"force","fear"
"force","negative"
"militia","anger"
"militia","fear"
"militia","negative"
"militia","sadness"
"accord","positive"
"accord","trust"
"force","anger"
"force","fear"
"force","negative"
"flee","fear"
"flee","negative"
"cross","anger"
"cross","fear"
"cross","negative"
"cross","sadness"
"refugee","sadness"
"clash","anger"
"clash","negative"
"expose","anticipation"
"expose","fear"
"constant","positive"
"constant","trust"
"violence","anger"
"violence","fear"
"violence","negative"
"violence","sadness"
"include","positive"
"rape","anger"
"rape","disgust"
"rape","fear"
"rape","negative"
"rape","sadness"
"threat","anger"
"threat","fear"
"threat","negative"
"shelter","positive"
"shelter","trust"
"establish","trust"
"eruption","anger"
"eruption","fear"
"eruption","negative"
"eruption","surprise"
"heavily","negative"
"assistance","positive"
"difficulty","anger"
"difficulty","fear"
"difficulty","negative"
"difficulty","sadness"
"violence","anger"
"violence","fear"
"violence","negative"
"violence","sadness"
"fighting","anger"
"fighting","negative"
"community","positive"
"displace","negative"
"insecurity","fear"
"insecurity","negative"
"coast","positive"
"depart","anticipation"
"depart","sadness"
"coast","positive"
"leave","negative"
"leave","sadness"
"leave","surprise"
"coast","positive"
"guard","fear"
"guard","positive"
"guard","trust"
"rescue","anticipation"
"rescue","joy"
"rescue","positive"
"rescue","surprise"
"rescue","trust"
"incident","surprise"
"late","negative"
"late","sadness"
"rescue","anticipation"
"rescue","joy"
"rescue","positive"
"rescue","surprise"
"rescue","trust"
"operation","fear"
"operation","trust"
"mediterranean","positive"
"organization","anticipation"
"organization","joy"
"organization","positive"
"organization","surprise"
"organization","trust"
"rescue","anticipation"
"rescue","joy"
"rescue","positive"
"rescue","surprise"
"rescue","trust"
"rescue","anticipation"
"rescue","joy"
"rescue","positive"
"rescue","surprise"
"rescue","trust"
"incident","surprise"
"die","fear"
"die","negative"
"die","sadness"
"missing","fear"
"missing","negative"
"missing","sadness"
"mediterranean","positive"
"accord","positive"
"accord","trust"
"start","anticipation"
"lead","positive"
"increase","positive"
"attempt","anticipation"
"cross","anger"
"cross","fear"
"cross","negative"
"cross","sadness"
"mediterranean","positive"
"watch","anticipation"
"watch","fear"
"title","positive"
"title","trust"
"frustration","anger"
"frustration","negative"
"government","fear"
"government","negative"
"pandemic","fear"
"pandemic","negative"
"pandemic","sadness"
"policy","trust"
"prevent","fear"
"seek","anticipation"
"asylum","fear"
"asylum","negative"
"united","positive"
"united","trust"
"rule","fear"
"rule","trust"
"policy","trust"
"title","positive"
"title","trust"
"plan","anticipation"
"appeal","anticipation"
"ahead","positive"
"change","fear"
"manage","positive"
"manage","trust"
"arrival","anticipation"
"asylum","fear"
"asylum","negative"
"include","positive"
"asylum","fear"
"asylum","negative"
"officer","positive"
"officer","trust"
"adjudicate","fear"
"adjudicate","negative"
"court","anger"
"court","anticipation"
"court","fear"
"asylum","fear"
"asylum","negative"
"title","positive"
"title","trust"
"displace","negative"
"arrive","anticipation"
"child","anticipation"
"child","joy"
"child","positive"
"die","fear"
"die","negative"
"die","sadness"
"aid","positive"
"force","anger"
"force","fear"
"force","negative"
"abandon","fear"
"abandon","negative"
"abandon","sadness"
"food","joy"
"food","positive"
"food","trust"
"pasture","positive"
"risk","anticipation"
"risk","fear"
"risk","negative"
"famine","negative"
"famine","sadness"
"accord","positive"
"accord","trust"
"plan","anticipation"
"provide","positive"
"provide","trust"
"emergency","fear"
"emergency","negative"
"emergency","sadness"
"emergency","surprise"
"aid","positive"
"humanitarian","anticipation"
"humanitarian","joy"
"humanitarian","positive"
"humanitarian","surprise"
"humanitarian","trust"
"expect","anticipation"
"expect","positive"
"expect","surprise"
"expect","trust"
"emergency","fear"
"emergency","negative"
"emergency","sadness"
"emergency","surprise"
"rainy","sadness"
"abandon","fear"
"abandon","negative"
"abandon","sadness"
"sea","positive"
"risk","anticipation"
"risk","fear"
"risk","negative"
"dangerous","fear"
"dangerous","negative"
"journey","anticipation"
"journey","fear"
"journey","joy"
"journey","positive"
"sea","positive"
"worrying","anticipation"
"worrying","fear"
"worrying","negative"
"worrying","sadness"
"trend","positive"
"arrival","anticipation"
"pay","anticipation"
"pay","joy"
"pay","positive"
"pay","trust"
"smuggler","anger"
"smuggler","disgust"
"smuggler","fear"
"smuggler","negative"
"united","positive"
"united","trust"
"usher","positive"
"usher","trust"
"abandon","fear"
"abandon","negative"
"abandon","sadness"
"captain","positive"
"leave","negative"
"leave","sadness"
"leave","surprise"
"sea","positive"
"rescue","anticipation"
"rescue","joy"
"rescue","positive"
"rescue","surprise"
"rescue","trust"
"authority","positive"
"authority","trust"
"spike","fear"
"gang","anger"
"gang","fear"
"gang","negative"
"related","trust"
"violence","anger"
"violence","fear"
"violence","negative"
"violence","sadness"
"instability","disgust"
"instability","fear"
"instability","negative"
"flee","fear"
"flee","negative"
"humanitarian","anticipation"
"humanitarian","joy"
"humanitarian","positive"
"humanitarian","surprise"
"humanitarian","trust"
"dire","disgust"
"dire","fear"
"dire","negative"
"dire","sadness"
"dire","surprise"
"warn","anticipation"
"warn","fear"
"warn","negative"
"warn","surprise"
"warn","trust"
"force","anger"
"force","fear"
"force","negative"
"government","fear"
"government","negative"
"strengthen","positive"
"asylum","fear"
"asylum","negative"
"system","trust"
"inspired","joy"
"inspired","positive"
"inspired","surprise"
"inspired","trust"
"united","positive"
"united","trust"
"medical","anticipation"
"medical","fear"
"medical","positive"
"medical","trust"
"school","trust"
"emergency","fear"
"emergency","negative"
"emergency","sadness"
"emergency","surprise"
"doctor","positive"
"doctor","trust"
"hospital","fear"
"hospital","sadness"
"hospital","trust"
"leave","negative"
"leave","sadness"
"leave","surprise"
"volunteer","anticipation"
"volunteer","fear"
"volunteer","joy"
"volunteer","positive"
"volunteer","trust"
"medical","anticipation"
"medical","fear"
"medical","positive"
"medical","trust"
"team","trust"
"treat","anger"
"treat","anticipation"
"treat","disgust"
"treat","fear"
"treat","joy"
"treat","negative"
"treat","positive"
"treat","sadness"
"treat","surprise"
"treat","trust"
"arrive","anticipation"
"flee","fear"
"flee","negative"
"fighting","anger"
"fighting","negative"
"helpless","fear"
"helpless","negative"
"helpless","sadness"
"forcibly","anger"
"forcibly","fear"
"forcibly","negative"
"displace","negative"
"population","positive"
"top","anticipation"
"top","positive"
"top","trust"
"displace","negative"
"conflict","anger"
"conflict","fear"
"conflict","negative"
"conflict","sadness"
"disaster","anger"
"disaster","disgust"
"disaster","fear"
"disaster","negative"
"disaster","sadness"
"disaster","surprise"
"flee","fear"
"flee","negative"
"displace","negative"
"conflict","anger"
"conflict","fear"
"conflict","negative"
"conflict","sadness"
"accord","positive"
"accord","trust"
"conflict","anger"
"conflict","fear"
"conflict","negative"
"conflict","sadness"
"violence","anger"
"violence","fear"
"violence","negative"
"violence","sadness"
"increase","positive"
"ongoing","anticipation"
"conflict","anger"
"conflict","fear"
"conflict","negative"
"conflict","sadness"
"republic","negative"
"unprecedented","surprise"
"level","positive"
"level","trust"
"conflict","anger"
"conflict","fear"
"conflict","negative"
"conflict","sadness"
"related","trust"
"cyclone","fear"
"cyclone","negative"
"cyclone","surprise"
"flood","fear"
"drought","negative"
"account","trust"
"conflict","anger"
"conflict","fear"
"conflict","negative"
"conflict","sadness"
"disaster","anger"
"disaster","disgust"
"disaster","fear"
"disaster","negative"
"disaster","sadness"
"disaster","surprise"
"force","anger"
"force","fear"
"force","negative"
"flee","fear"
"flee","negative"
"time","anticipation"
"expect","anticipation"
"expect","positive"
"expect","surprise"
"expect","trust"
"grow","anticipation"
"grow","joy"
"grow","positive"
"grow","trust"
"war","fear"
"war","negative"
"displace","negative"
"bleak","negative"
"bleak","sadness"
"director","positive"
"director","trust"
"reporter","positive"
"reporter","trust"
"defend","fear"
"defend","positive"
"asylum","fear"
"asylum","negative"
"deal","anticipation"
"deal","joy"
"deal","positive"
"deal","surprise"
"deal","trust"
"foreign","negative"
"top","anticipation"
"top","positive"
"top","trust"
"official","trust"
"controversial","anger"
"controversial","negative"
"plan","anticipation"
"asylum","fear"
"asylum","negative"
"ahead","positive"
"discussion","positive"
"board","anticipation"
"plan","anticipation"
"asylum","fear"
"asylum","negative"
"solution","positive"
"continue","anticipation"
"continue","positive"
"continue","trust"
"respect","anticipation"
"respect","joy"
"respect","positive"
"respect","trust"
"refugee","sadness"
"law","trust"
"prime","positive"
"asylum","fear"
"asylum","negative"
"government","fear"
"government","negative"
"force","anger"
"force","fear"
"force","negative"
"delay","anger"
"delay","disgust"
"delay","fear"
"delay","negative"
"delay","sadness"
"legal","positive"
"legal","trust"
"challenge","anger"
"challenge","fear"
"challenge","negative"
"charity","joy"
"charity","positive"
"asylum","fear"
"asylum","negative"
"guardian","positive"
"guardian","trust"
"massacre","anger"
"massacre","disgust"
"massacre","fear"
"massacre","negative"
"massacre","sadness"
"cross","anger"
"cross","fear"
"cross","negative"
"cross","sadness"
"prospect","positive"
"conflict","anger"
"conflict","fear"
"conflict","negative"
"conflict","sadness"
"war","fear"
"war","negative"
"hungry","anticipation"
"hungry","negative"
"general","positive"
"general","trust"
"council","anticipation"
"council","positive"
"council","trust"
"debate","positive"
"conflict","anger"
"conflict","fear"
"conflict","negative"
"conflict","sadness"
"food","joy"
"food","positive"
"food","trust"
"conflict","anger"
"conflict","fear"
"conflict","negative"
"conflict","sadness"
"major","positive"
"food","joy"
"food","positive"
"food","trust"
"war","fear"
"war","negative"
"recipient","anticipation"
"food","joy"
"food","positive"
"food","trust"
"aid","positive"
"armed","anger"
"armed","fear"
"armed","negative"
"armed","positive"
"conflict","anger"
"conflict","fear"
"conflict","negative"
"conflict","sadness"
"crisis","negative"
"insecurity","fear"
"insecurity","negative"
"pandemic","fear"
"pandemic","negative"
"pandemic","sadness"
"progress","anticipation"
"progress","joy"
"progress","positive"
"food","joy"
"food","positive"
"food","trust"
"insecurity","fear"
"insecurity","negative"
"expect","anticipation"
"expect","positive"
"expect","surprise"
"expect","trust"
"famine","negative"
"famine","sadness"
"war","fear"
"war","negative"
"increase","positive"
"food","joy"
"food","positive"
"food","trust"
"assistance","positive"
"increase","positive"
"force","anger"
"force","fear"
"force","negative"
"humanitarian","anticipation"
"humanitarian","joy"
"humanitarian","positive"
"humanitarian","surprise"
"humanitarian","trust"
"war","fear"
"war","negative"
"appeal","anticipation"
"humanitarian","anticipation"
"humanitarian","joy"
"humanitarian","positive"
"humanitarian","surprise"
"humanitarian","trust"
"plan","anticipation"
"watch","anticipation"
"watch","fear"
"authority","positive"
"authority","trust"
"prepare","anticipation"
"prepare","positive"
"restriction","anger"
"restriction","fear"
"restriction","negative"
"restriction","sadness"
"authority","positive"
"authority","trust"
"prepare","anticipation"
"prepare","positive"
"increase","positive"
"asylum","fear"
"asylum","negative"
"cross","anger"
"cross","fear"
"cross","negative"
"cross","sadness"
"public","anticipation"
"public","positive"
"start","anticipation"
"pandemic","fear"
"pandemic","negative"
"pandemic","sadness"
"march","positive"
"title","positive"
"title","trust"
"time","anticipation"
"include","positive"
"seek","anticipation"
"asylum","fear"
"asylum","negative"
"disease","anger"
"disease","disgust"
"disease","fear"
"disease","negative"
"disease","sadness"
"prevention","anticipation"
"prevention","positive"
"title","positive"
"title","trust"
"reason","positive"
"expect","anticipation"
"expect","positive"
"expect","surprise"
"expect","trust"
"rule","fear"
"rule","trust"
"termination","negative"
"termination","sadness"
"lawsuit","anger"
"lawsuit","disgust"
"lawsuit","fear"
"lawsuit","negative"
"lawsuit","sadness"
"lawsuit","surprise"
"coalition","positive"
"asylum","fear"
"asylum","negative"
"restriction","anger"
"restriction","fear"
"restriction","negative"
"restriction","sadness"
"pandemic","fear"
"pandemic","negative"
"pandemic","sadness"
"deny","anger"
"deny","negative"
"asylum","fear"
"asylum","negative"
"public","anticipation"
"public","positive"
"measure","trust"
"pandemic","fear"
"pandemic","negative"
"pandemic","sadness"
"restrict","negative"
"restrict","sadness"
"asylum","fear"
"asylum","negative"
"improvement","joy"
"improvement","positive"
"improvement","trust"
"appeal","anticipation"
"restriction","anger"
"restriction","fear"
"restriction","negative"
"restriction","sadness"
"flee","fear"
"flee","negative"
"war","fear"
"war","negative"
"persecution","anger"
"persecution","disgust"
"persecution","fear"
"persecution","negative"
"persecution","sadness"
"deny","anger"
"deny","negative"
"seek","anticipation"
"asylum","fear"
"asylum","negative"
"provide","positive"
"provide","trust"
"guidance","positive"
"guidance","trust"
"advice","trust"
"public","anticipation"
"public","positive"
"risk","anticipation"
"risk","fear"
"risk","negative"
"asylum","fear"
"asylum","negative"
"law","trust"
"worry","anticipation"
"worry","fear"
"worry","negative"
"worry","sadness"
"measure","trust"
"cover","trust"
"deny","anger"
"deny","negative"
"asylum","fear"
"asylum","negative"
"violence","anger"
"violence","fear"
"violence","negative"
"violence","sadness"
"persecution","anger"
"persecution","disgust"
"persecution","fear"
"persecution","negative"
"persecution","sadness"
"fight","anger"
"fight","fear"
"fight","negative"
"official","trust"
"bombardment","anger"
"bombardment","fear"
"bombardment","negative"
"kill","fear"
"kill","negative"
"kill","sadness"
"unknown","anticipation"
"unknown","fear"
"unknown","negative"
"humanitarian","anticipation"
"humanitarian","joy"
"humanitarian","positive"
"humanitarian","surprise"
"humanitarian","trust"
"grow","anticipation"
"grow","joy"
"grow","positive"
"grow","trust"
"food","joy"
"food","positive"
"food","trust"
"cash","anger"
"cash","anticipation"
"cash","fear"
"cash","joy"
"cash","positive"
"cash","trust"
"supply","positive"
"volunteer","anticipation"
"volunteer","fear"
"volunteer","joy"
"volunteer","positive"
"volunteer","trust"
"humanitarian","anticipation"
"humanitarian","joy"
"humanitarian","positive"
"humanitarian","surprise"
"humanitarian","trust"
"aid","positive"
"war","fear"
"war","negative"
"include","positive"
"senate","trust"
"approve","joy"
"approve","positive"
"approve","trust"
"aid","positive"
"aid","positive"
"inspired","joy"
"inspired","positive"
"inspired","surprise"
"inspired","trust"
"build","positive"
"united","positive"
"united","trust"
"grant","anticipation"
"grant","joy"
"grant","positive"
"grant","trust"
"refugee","sadness"
"special","joy"
"special","positive"
"status","positive"
"lead","positive"
"refugee","sadness"
"advocate","trust"
"serve","negative"
"serve","trust"
"board","anticipation"
"committee","trust"
"immigrant","fear"
"refugee","sadness"
"refugee","sadness"
"badge","trust"
"shame","disgust"
"shame","fear"
"shame","negative"
"shame","sadness"
"badge","trust"
"bold","positive"
"change","fear"
"conflict","anger"
"conflict","fear"
"conflict","negative"
"conflict","sadness"
"violence","anger"
"violence","fear"
"violence","negative"
"violence","sadness"
"top","anticipation"
"top","positive"
"top","trust"
"die","fear"
"die","negative"
"die","sadness"
"rescue","anticipation"
"rescue","joy"
"rescue","positive"
"rescue","surprise"
"rescue","trust"
"asylum","fear"
"asylum","negative"
"coast","positive"
"guard","fear"
"guard","positive"
"guard","trust"
"republic","negative"
"rescue","anticipation"
"rescue","joy"
"rescue","positive"
"rescue","surprise"
"rescue","trust"
"effort","positive"
"accord","positive"
"accord","trust"
"board","anticipation"
"struggle","anger"
"struggle","fear"
"struggle","negative"
"struggle","sadness"
"surge","surprise"
"gang","anger"
"gang","fear"
"gang","negative"
"related","trust"
"violence","anger"
"violence","fear"
"violence","negative"
"violence","sadness"
"prince","positive"
"kill","fear"
"kill","negative"
"kill","sadness"
"displace","negative"
"deteriorate","fear"
"deteriorate","negative"
"deteriorate","sadness"
"include","positive"
"increase","positive"
"ransom","anger"
"ransom","fear"
"ransom","negative"
"republic","negative"
"attempt","anticipation"
"united","positive"
"united","trust"
"tragedy","fear"
"tragedy","negative"
"tragedy","sadness"
"rescue","anticipation"
"rescue","joy"
"rescue","positive"
"rescue","surprise"
"rescue","trust"
"effort","positive"
"asylum","fear"
"asylum","negative"
"refugee","sadness"
"top","anticipation"
"top","positive"
"top","trust"
"risk","anticipation"
"risk","fear"
"risk","negative"
"refugee","sadness"
"start","anticipation"
"war","fear"
"war","negative"
"accord","positive"
"accord","trust"
"time","anticipation"
"authority","positive"
"authority","trust"
"unpredictable","negative"
"unpredictable","surprise"
"mayor","positive"
"continue","anticipation"
"continue","positive"
"continue","trust"
"leave","negative"
"leave","sadness"
"leave","surprise"
"fearful","fear"
"fearful","negative"
"fearful","sadness"
"fighting","anger"
"fighting","negative"
"strike","anger"
"strike","negative"
"cross","anger"
"cross","fear"
"cross","negative"
"cross","sadness"
"visit","positive"
"improve","anticipation"
"improve","joy"
"improve","positive"
"improve","trust"
"displace","negative"
"fighting","anger"
"fighting","negative"
"unable","negative"
"unable","sadness"
"food","joy"
"food","positive"
"food","trust"
"delivery","anticipation"
"delivery","positive"
"save","joy"
"save","positive"
"save","trust"
"aid","positive"
"council","anticipation"
"council","positive"
"council","trust"
"vote","anger"
"vote","anticipation"
"vote","joy"
"vote","negative"
"vote","positive"
"vote","sadness"
"vote","surprise"
"vote","trust"
"investigate","positive"
"war","fear"
"war","negative"
"crime","anger"
"crime","negative"
"testimony","trust"
"war","fear"
"war","negative"
"crime","anger"
"crime","negative"
"include","positive"
"discovery","positive"
"kill","fear"
"kill","negative"
"kill","sadness"
"hostility","anger"
"hostility","disgust"
"hostility","negative"
"pledge","joy"
"pledge","positive"
"pledge","trust"
"aid","positive"
"pledge","joy"
"pledge","positive"
"pledge","trust"
"aid","positive"
"refugee","sadness"
"ahead","positive"
"pledge","joy"
"pledge","positive"
"pledge","trust"
"humanitarian","anticipation"
"humanitarian","joy"
"humanitarian","positive"
"humanitarian","surprise"
"humanitarian","trust"
"crisis","negative"
"aid","positive"
"aid","positive"
"warn","anticipation"
"warn","fear"
"warn","negative"
"warn","surprise"
"warn","trust"
"hit","anger"
"hit","negative"
"supplies","positive"
"war","fear"
"war","negative"
"food","joy"
"food","positive"
"food","trust"
"insecurity","fear"
"insecurity","negative"
"refugee","sadness"
"pledge","joy"
"pledge","positive"
"pledge","trust"
"pledge","joy"
"pledge","positive"
"pledge","trust"
"increase","positive"
"seek","anticipation"
"cover","trust"
"humanitarian","anticipation"
"humanitarian","joy"
"humanitarian","positive"
"humanitarian","surprise"
"humanitarian","trust"
"plan","anticipation"
"refugee","sadness"
"plan","anticipation"
"watch","anticipation"
"watch","fear"
"aid","positive"
"warn","anticipation"
"warn","fear"
"warn","negative"
"warn","surprise"
"warn","trust"
"grow","anticipation"
"grow","joy"
"grow","positive"
"grow","trust"
"crisis","negative"
"aid","positive"
"organization","anticipation"
"organization","joy"
"organization","positive"
"organization","surprise"
"organization","trust"
"change","fear"
"insecurity","fear"
"insecurity","negative"
"contribute","positive"
"crisis","negative"
"child","anticipation"
"child","joy"
"child","positive"
"risk","anticipation"
"risk","fear"
"risk","negative"
"accord","positive"
"accord","trust"
"save","joy"
"save","positive"
"save","trust"
"child","anticipation"
"child","joy"
"child","positive"
"committee","trust"
"cross","anger"
"cross","fear"
"cross","negative"
"cross","sadness"
"hungry","anticipation"
"hungry","negative"
"harvest","anticipation"
"harvest","joy"
"harvest","positive"
"food","joy"
"food","positive"
"food","trust"
"production","anticipation"
"production","positive"
"conflict","anger"
"conflict","fear"
"conflict","negative"
"conflict","sadness"
"insecurity","fear"
"insecurity","negative"
"force","anger"
"force","fear"
"force","negative"
"abandon","fear"
"abandon","negative"
"abandon","sadness"
"convention","positive"
"combat","anger"
"combat","fear"
"combat","negative"
"drought","negative"
"asylum","fear"
"asylum","negative"
"dangerous","fear"
"dangerous","negative"
"humanitarian","anticipation"
"humanitarian","joy"
"humanitarian","positive"
"humanitarian","surprise"
"humanitarian","trust"
"asylum","fear"
"asylum","negative"
"journey","anticipation"
"journey","fear"
"journey","joy"
"journey","positive"
"gap","negative"
"jungle","fear"
"armed","anger"
"armed","fear"
"armed","negative"
"armed","positive"
"smuggler","anger"
"smuggler","disgust"
"smuggler","fear"
"smuggler","negative"
"risk","anticipation"
"risk","fear"
"risk","negative"
"journey","anticipation"
"journey","fear"
"journey","joy"
"journey","positive"
"treacherous","anger"
"treacherous","disgust"
"treacherous","fear"
"treacherous","negative"
"gap","negative"
"rob","anger"
"rob","disgust"
"rob","fear"
"rob","negative"
"rob","sadness"
"escape","anticipation"
"escape","fear"
"escape","negative"
"escape","positive"
"detention","negative"
"detention","sadness"
"cartel","negative"
"dangerous","fear"
"dangerous","negative"
"humanitarian","anticipation"
"humanitarian","joy"
"humanitarian","positive"
"humanitarian","surprise"
"humanitarian","trust"
"tragedy","fear"
"tragedy","negative"
"tragedy","sadness"
"happen","anticipation"
"conflict","anger"
"conflict","fear"
"conflict","negative"
"conflict","sadness"
"crisis","negative"
"cyclone","fear"
"cyclone","negative"
"cyclone","surprise"
"batter","anger"
"batter","fear"
"batter","negative"
"start","anticipation"
"march","positive"
"cyclone","fear"
"cyclone","negative"
"cyclone","surprise"
"include","positive"
"refugee","sadness"
"displace","negative"
"warn","anticipation"
"warn","fear"
"warn","negative"
"warn","surprise"
"warn","trust"
"grow","anticipation"
"grow","joy"
"grow","positive"
"grow","trust"
"crisis","negative"
"vulnerability","fear"
"vulnerability","negative"
"vulnerability","sadness"
"refugee","sadness"
"displace","negative"
"community","positive"
"violence","anger"
"violence","fear"
"violence","negative"
"violence","sadness"
"continue","anticipation"
"continue","positive"
"continue","trust"
"prevent","fear"
"aid","positive"
"storm","anger"
"storm","negative"
"inspired","joy"
"inspired","positive"
"inspired","surprise"
"inspired","trust"
"refugee","sadness"
"refugee","sadness"
"parliament","trust"
"prepare","anticipation"
"prepare","positive"
"vote","anger"
"vote","anticipation"
"vote","joy"
"vote","negative"
"vote","positive"
"vote","sadness"
"vote","surprise"
"vote","trust"
"plenary","positive"
"refugee","sadness"
"feeling","anger"
"feeling","anticipation"
"feeling","disgust"
"feeling","fear"
"feeling","joy"
"feeling","negative"
"feeling","positive"
"feeling","sadness"
"feeling","surprise"
"feeling","trust"
"refugee","sadness"
"community","positive"
"humanitarian","anticipation"
"humanitarian","joy"
"humanitarian","positive"
"humanitarian","surprise"
"humanitarian","trust"
"assistance","positive"
"top","anticipation"
"top","positive"
"top","trust"
"evacuate","fear"
"evacuate","negative"
"continue","anticipation"
"continue","positive"
"continue","trust"
"bunker","fear"
"arrive","anticipation"
"safe","joy"
"safe","positive"
"safe","trust"
"operation","fear"
"operation","trust"
"committee","trust"
"cross","anger"
"cross","fear"
"cross","negative"
"cross","sadness"
"surround","anticipation"
"surround","negative"
"surround","positive"
"lead","positive"
"operation","fear"
"operation","trust"
"evacuate","fear"
"evacuate","negative"
"provide","positive"
"provide","trust"
"arrival","anticipation"
"relief","positive"
"displace","negative"
"expert","positive"
"expert","trust"
"dire","disgust"
"dire","fear"
"dire","negative"
"dire","sadness"
"dire","surprise"
"humanitarian","anticipation"
"humanitarian","joy"
"humanitarian","positive"
"humanitarian","surprise"
"humanitarian","trust"
"displace","negative"
"majority","joy"
"majority","positive"
"majority","trust"
"child","anticipation"
"child","joy"
"child","positive"
"include","positive"
"shortage","anger"
"shortage","fear"
"shortage","negative"
"shortage","sadness"
"food","joy"
"food","positive"
"food","trust"
"threat","anger"
"threat","fear"
"threat","negative"
"violence","anger"
"violence","fear"
"violence","negative"
"violence","sadness"
"suffering","disgust"
"suffering","fear"
"suffering","negative"
"suffering","sadness"
"relief","positive"
"unable","negative"
"unable","sadness"
"seek","anticipation"
"shelter","positive"
"shelter","trust"
"bomb","anger"
"bomb","fear"
"bomb","negative"
"bomb","sadness"
"bomb","surprise"
"conflict","anger"
"conflict","fear"
"conflict","negative"
"conflict","sadness"
"level","positive"
"level","trust"
"food","joy"
"food","positive"
"food","trust"
"insecurity","fear"
"insecurity","negative"
"food","joy"
"food","positive"
"food","trust"
"eat","positive"
"time","anticipation"
"level","positive"
"level","trust"
"war","fear"
"war","negative"
"food","joy"
"food","positive"
"food","trust"
"production","anticipation"
"production","positive"
"suffer","negative"
"food","joy"
"food","positive"
"food","trust"
"insecurity","fear"
"insecurity","negative"
"accord","positive"
"accord","trust"
"network","anticipation"
"food","joy"
"food","positive"
"food","trust"
"alliance","trust"
"include","positive"
"increase","positive"
"author","positive"
"author","trust"
"conflict","anger"
"conflict","fear"
"conflict","negative"
"conflict","sadness"
"main","positive"
"increase","positive"
"conflict","anger"
"conflict","fear"
"conflict","negative"
"conflict","sadness"
"republic","negative"
"food","joy"
"food","positive"
"food","trust"
"insecure","anger"
"insecure","fear"
"insecure","negative"
"insecure","sadness"
"population","positive"
"food","joy"
"food","positive"
"food","trust"
"organization","anticipation"
"organization","joy"
"organization","positive"
"organization","surprise"
"organization","trust"
"battle","anger"
"battle","negative"
"major","positive"
"food","joy"
"food","positive"
"food","trust"
"crisis","negative"
"warn","anticipation"
"warn","fear"
"warn","negative"
"warn","surprise"
"warn","trust"
"forward","positive"
"plan","anticipation"
"asylum","fear"
"asylum","negative"
"hit","anger"
"hit","negative"
"delay","anger"
"delay","disgust"
"delay","fear"
"delay","negative"
"delay","sadness"
"government","fear"
"government","negative"
"plan","anticipation"
"start","anticipation"
"asylum","fear"
"asylum","negative"
"policy","trust"
"legal","positive"
"legal","trust"
"challenge","anger"
"challenge","fear"
"challenge","negative"
"legal","positive"
"legal","trust"
"letter","anticipation"
"legal","positive"
"legal","trust"
"action","positive"
"question","positive"
"government","fear"
"government","negative"
"plan","anticipation"
"asylum","fear"
"asylum","negative"
"remove","anger"
"remove","fear"
"remove","negative"
"remove","sadness"
"suggest","trust"
"policy","trust"
"letter","anticipation"
"spirit","positive"
"refugee","sadness"
"convention","positive"
"force","anger"
"force","fear"
"force","negative"
"warn","anticipation"
"warn","fear"
"warn","negative"
"warn","surprise"
"warn","trust"
"smuggler","anger"
"smuggler","disgust"
"smuggler","fear"
"smuggler","negative"
"policy","trust"
"encourage","joy"
"encourage","positive"
"encourage","trust"
"asylum","fear"
"asylum","negative"
"risk","anticipation"
"risk","fear"
"risk","negative"
"dangerous","fear"
"dangerous","negative"
"start","anticipation"
"continue","anticipation"
"continue","positive"
"continue","trust"
"improve","anticipation"
"improve","joy"
"improve","positive"
"improve","trust"
"watch","anticipation"
"watch","fear"
"plan","anticipation"
"increase","positive"
"president","positive"
"president","trust"
"build","positive"
"refugee","sadness"
"force","anger"
"force","fear"
"force","negative"
"refugee","sadness"
"economy","trust"
"government","fear"
"government","negative"
"pressure","negative"
"grow","anticipation"
"grow","joy"
"grow","positive"
"grow","trust"
"hostility","anger"
"hostility","disgust"
"hostility","negative"
"build","positive"
"plan","anticipation"
"plan","anticipation"
"start","anticipation"
"build","positive"
"volunteer","anticipation"
"volunteer","fear"
"volunteer","joy"
"volunteer","positive"
"volunteer","trust"
"refugee","sadness"
"refugee","sadness"
"arrive","anticipation"
"flee","fear"
"flee","negative"
"attack","anger"
"attack","fear"
"attack","negative"
"armed","anger"
"armed","fear"
"armed","negative"
"armed","positive"
"arrival","anticipation"
"forcibly","anger"
"forcibly","fear"
"forcibly","negative"
"displace","negative"
"include","positive"
"refugee","sadness"
"humanitarian","anticipation"
"humanitarian","joy"
"humanitarian","positive"
"humanitarian","surprise"
"humanitarian","trust"
"refugee","sadness"
"child","anticipation"
"child","joy"
"child","positive"
"food","joy"
"food","positive"
"food","trust"
"visit","positive"
"general","positive"
"general","trust"
"promise","joy"
"promise","positive"
"promise","trust"
"displace","negative"
"demand","anger"
"demand","negative"
"community","positive"
"agree","positive"
"detain","negative"
"asylum","fear"
"asylum","negative"
"government","fear"
"government","negative"
"detention","negative"
"detention","sadness"
"asylum","fear"
"asylum","negative"
"prison","anger"
"prison","fear"
"prison","negative"
"prison","sadness"
"ready","anticipation"
"government","fear"
"government","negative"
"change","fear"
"law","trust"
"asylum","fear"
"asylum","negative"
"prison","anger"
"prison","fear"
"prison","negative"
"prison","sadness"
"arrive","anticipation"
"risk","anticipation"
"risk","fear"
"risk","negative"
"accord","positive"
"accord","trust"
"asylum","fear"
"asylum","negative"
"imprison","negative"
"asylum","fear"
"asylum","negative"
"law","trust"
"change","fear"
"detention","negative"
"detention","sadness"
"time","anticipation"
"inspired","joy"
"inspired","positive"
"inspired","surprise"
"inspired","trust"
"refugee","sadness"
"asylum","fear"
"asylum","negative"
"system","trust"
"top","anticipation"
"top","positive"
"top","trust"
"art","anticipation"
"art","joy"
"art","positive"
"art","sadness"
"art","surprise"
"experiment","anticipation"
"experiment","surprise"
"detention","negative"
"detention","sadness"
"charity","joy"
"charity","positive"
"worth","positive"
"seek","anticipation"
"asylum","fear"
"asylum","negative"
"increase","positive"
"top","anticipation"
"top","positive"
"top","trust"
"refugee","sadness"
"partner","positive"
"provide","positive"
"provide","trust"
"refugee","sadness"
"flee","fear"
"flee","negative"
"appeal","anticipation"
"refugee","sadness"
"plan","anticipation"
"organization","anticipation"
"organization","joy"
"organization","positive"
"organization","surprise"
"organization","trust"
"include","positive"
"civil","positive"
"plan","anticipation"
"refugee","sadness"
"provide","positive"
"provide","trust"
"food","joy"
"food","positive"
"food","trust"
"cash","anger"
"cash","anticipation"
"cash","fear"
"cash","joy"
"cash","positive"
"cash","trust"
"assistance","positive"
"refugee","sadness"
"war","fear"
"war","negative"
"humanitarian","anticipation"
"humanitarian","joy"
"humanitarian","positive"
"humanitarian","surprise"
"humanitarian","trust"
"continue","anticipation"
"continue","positive"
"continue","trust"
"grow","anticipation"
"grow","joy"
"grow","positive"
"grow","trust"
"journalist","positive"
"refugee","sadness"
"arrival","anticipation"
"visit","positive"
"general","positive"
"general","trust"
"plan","anticipation"
"humanitarian","anticipation"
"humanitarian","joy"
"humanitarian","positive"
"humanitarian","surprise"
"humanitarian","trust"
"assistance","positive"
"pledge","joy"
"pledge","positive"
"pledge","trust"
"conflict","anger"
"conflict","fear"
"conflict","negative"
"conflict","sadness"
"effective","positive"
"effective","trust"
"humanitarian","anticipation"
"humanitarian","joy"
"humanitarian","positive"
"humanitarian","surprise"
"humanitarian","trust"
"escape","anticipation"
"escape","fear"
"escape","negative"
"escape","positive"
"fear","anger"
"fear","fear"
"fear","negative"
"law","trust"
"refugee","sadness"
"rule","fear"
"rule","trust"
"establish","trust"
"refugee","sadness"
"law","trust"
"practice","positive"
"warn","anticipation"
"warn","fear"
"warn","negative"
"warn","surprise"
"warn","trust"
"seek","anticipation"
"seek","anticipation"
"asylum","fear"
"asylum","negative"
"refugee","sadness"
"lesser","disgust"
"lesser","negative"
"status","positive"
"constant","positive"
"constant","trust"
"threat","anger"
"threat","fear"
"threat","negative"
"removal","negative"
"government","fear"
"government","negative"
"system","trust"
"chance","surprise"
"desperate","negative"
"statement","positive"
"statement","trust"
"approval","positive"
"government","fear"
"government","negative"
"protect","positive"
"refugee","sadness"
"asylum","fear"
"asylum","negative"
"plan","anticipation"
"asylum","fear"
"asylum","negative"
"effort","positive"
"letter","anticipation"
"spirit","positive"
"refugee","sadness"
"convention","positive"
"lawyer","anger"
"lawyer","disgust"
"lawyer","fear"
"lawyer","negative"
"government","fear"
"government","negative"
"plan","anticipation"
"force","anger"
"force","fear"
"force","negative"
"departure","negative"
"departure","sadness"
"court","anger"
"court","anticipation"
"court","fear"
"policy","trust"
"urgent","anticipation"
"urgent","fear"
"urgent","negative"
"urgent","surprise"
"action","positive"
"prevent","fear"
"death","anger"
"death","anticipation"
"death","disgust"
"death","fear"
"death","negative"
"death","sadness"
"death","surprise"
"sea","positive"
"death","anger"
"death","anticipation"
"death","disgust"
"death","fear"
"death","negative"
"death","sadness"
"death","surprise"
"main","positive"
"sea","positive"
"warn","anticipation"
"warn","fear"
"warn","negative"
"warn","surprise"
"warn","trust"
"die","fear"
"die","negative"
"die","sadness"
"missing","fear"
"missing","negative"
"missing","sadness"
"attempt","anticipation"
"journey","anticipation"
"journey","fear"
"journey","joy"
"journey","positive"
"drown","fear"
"drown","negative"
"drown","sadness"
"lose","anger"
"lose","disgust"
"lose","fear"
"lose","negative"
"lose","sadness"
"lose","surprise"
"sea","positive"
"attempt","anticipation"
"mediterranean","positive"
"accord","positive"
"accord","trust"
"die","fear"
"die","negative"
"die","sadness"
"missing","fear"
"missing","negative"
"missing","sadness"
"start","anticipation"
"lose","anger"
"lose","disgust"
"lose","fear"
"lose","negative"
"lose","sadness"
"lose","surprise"
"cross","anger"
"cross","fear"
"cross","negative"
"cross","sadness"
"mediterranean","positive"
"perish","fear"
"perish","negative"
"perish","sadness"
"disappear","fear"
"attempt","anticipation"
"canary","positive"
"sea","positive"
"deflate","anger"
"deflate","negative"
"deflate","sadness"
"lead","positive"
"loss","anger"
"loss","fear"
"loss","negative"
"loss","sadness"
"fatality","fear"
"fatality","negative"
"fatality","sadness"
"launch","anticipation"
"launch","positive"
"dangerous","fear"
"dangerous","negative"
"journey","anticipation"
"journey","fear"
"journey","joy"
"journey","positive"
"provide","positive"
"provide","trust"
"humanitarian","anticipation"
"humanitarian","joy"
"humanitarian","positive"
"humanitarian","surprise"
"humanitarian","trust"
"assistance","positive"
"solution","positive"
"watch","anticipation"
"watch","fear"
"refugee","sadness"
"arrive","anticipation"
"start","anticipation"
"refugee","sadness"
"humanitarian","anticipation"
"humanitarian","joy"
"humanitarian","positive"
"humanitarian","surprise"
"humanitarian","trust"
"assistance","positive"
"arrive","anticipation"
"start","anticipation"
"flee","fear"
"flee","negative"
"violence","anger"
"violence","fear"
"violence","negative"
"violence","sadness"
"republic","negative"
"provide","positive"
"provide","trust"
"food","joy"
"food","positive"
"food","trust"
"shelter","positive"
"shelter","trust"
"essential","positive"
"refugee","sadness"
"arrive","anticipation"
"flee","fear"
"flee","negative"
"fight","anger"
"fight","fear"
"fight","negative"
"government","fear"
"government","negative"
"humanitarian","anticipation"
"humanitarian","joy"
"humanitarian","positive"
"humanitarian","surprise"
"humanitarian","trust"
"partner","positive"
"provide","positive"
"provide","trust"
"assistance","positive"
"refugee","sadness"
"refugee","sadness"
"population","positive"
"refugee","sadness"
"continue","anticipation"
"continue","positive"
"continue","trust"
"violence","anger"
"violence","fear"
"violence","negative"
"violence","sadness"
"title","positive"
"title","trust"
"policy","trust"
"restrain","anger"
"restrain","fear"
"restrain","negative"
"pandemic","fear"
"pandemic","negative"
"pandemic","sadness"
"related","trust"
"restriction","anger"
"restriction","fear"
"restriction","negative"
"restriction","sadness"
"policy","trust"
"government","fear"
"government","negative"
"plan","anticipation"
"title","positive"
"title","trust"
"public","anticipation"
"public","positive"
"include","positive"
"asylum","fear"
"asylum","negative"
"grant","anticipation"
"grant","joy"
"grant","positive"
"grant","trust"
"prevent","fear"
"authority","positive"
"authority","trust"
"disregard","negative"
"title","positive"
"title","trust"
"procedure","fear"
"procedure","positive"
"attorney","anger"
"attorney","fear"
"attorney","positive"
"attorney","trust"
"ken","positive"
"seek","anticipation"
"title","positive"
"title","trust"
"rule","fear"
"rule","trust"
"agree","positive"
"displace","negative"
"pledge","joy"
"pledge","positive"
"pledge","trust"
"action","positive"
"displace","negative"
"crisis","negative"
"republic","negative"
"organize","positive"
"establish","trust"
"provide","positive"
"provide","trust"
"solution","positive"
"community","positive"
"solution","positive"
"include","positive"
"removal","negative"
"legal","positive"
"legal","trust"
"opportunity","anticipation"
"opportunity","positive"
"refugee","sadness"
"humanitarian","anticipation"
"humanitarian","joy"
"humanitarian","positive"
"humanitarian","surprise"
"humanitarian","trust"
"action","positive"
"partner","positive"
"reassure","positive"
"reassure","trust"
"determination","positive"
"determination","trust"
"peace","anticipation"
"peace","joy"
"peace","positive"
"peace","trust"
"inspired","joy"
"inspired","positive"
"inspired","surprise"
"inspired","trust"
"explosion","fear"
"explosion","negative"
"explosion","surprise"
"music","joy"
"music","positive"
"music","sadness"
"famous","positive"
"parade","anticipation"
"parade","fear"
"parade","joy"
"parade","negative"
"parade","positive"
"parade","surprise"
"pandemic","fear"
"pandemic","negative"
"pandemic","sadness"
"join","positive"
"refugee","sadness"
"republic","negative"
"invite","anticipation"
"invite","joy"
"invite","positive"
"invite","surprise"
"invite","trust"
"school","trust"
"partnership","positive"
"partnership","trust"
"refugee","sadness"
"refugee","sadness"
"happiness","anticipation"
"happiness","joy"
"happiness","positive"
"refugee","sadness"
"force","anger"
"force","fear"
"force","negative"
"flee","fear"
"flee","negative"
"crisis","negative"
"republic","negative"
"crisis","negative"
"top","anticipation"
"top","positive"
"top","trust"
"evacuate","fear"
"evacuate","negative"
"evacuate","fear"
"evacuate","negative"
"battle","anger"
"battle","negative"
"deputy","trust"
"prime","positive"
"agreement","positive"
"agreement","trust"
"humanitarian","anticipation"
"humanitarian","joy"
"humanitarian","positive"
"humanitarian","surprise"
"humanitarian","trust"
"evacuation","negative"
"resident","positive"
"leave","negative"
"leave","sadness"
"leave","surprise"
"authority","positive"
"authority","trust"
"increase","positive"
"relief","positive"
"provide","positive"
"provide","trust"
"displace","negative"
"aid","positive"
"fighting","anger"
"fighting","negative"
"humanitarian","anticipation"
"humanitarian","joy"
"humanitarian","positive"
"humanitarian","surprise"
"humanitarian","trust"
"refugee","sadness"
"arrival","anticipation"
"flee","fear"
"flee","negative"
"war","fear"
"war","negative"
"arrive","anticipation"
"allege","negative"
"crime","anger"
"crime","negative"
"humanity","joy"
"humanity","positive"
"humanity","trust"
"allege","negative"
"abuse","anger"
"abuse","disgust"
"abuse","fear"
"abuse","negative"
"abuse","sadness"
"start","anticipation"
"conflict","anger"
"conflict","fear"
"conflict","negative"
"conflict","sadness"
"war","fear"
"war","negative"
"crime","anger"
"crime","negative"
"crime","anger"
"crime","negative"
"humanity","joy"
"humanity","positive"
"humanity","trust"
"accord","positive"
"accord","trust"
"amnesty","joy"
"amnesty","positive"
"watch","anticipation"
"watch","fear"
"base","trust"
"force","anger"
"force","fear"
"force","negative"
"threat","anger"
"threat","fear"
"threat","negative"
"violence","anger"
"violence","fear"
"violence","negative"
"violence","sadness"
"cleansing","positive"
"amnesty","joy"
"amnesty","positive"
"official","trust"
"force","anger"
"force","fear"
"force","negative"
"deny","anger"
"deny","negative"
"humanitarian","anticipation"
"humanitarian","joy"
"humanitarian","positive"
"humanitarian","surprise"
"humanitarian","trust"
"aid","positive"
"aid","positive"
"announcement","anticipation"
"humanitarian","anticipation"
"humanitarian","joy"
"humanitarian","positive"
"humanitarian","surprise"
"humanitarian","trust"
"truce","joy"
"truce","positive"
"truce","trust"
"prime","positive"
"authority","positive"
"authority","trust"
"carefully","positive"
"allegation","anger"
"allegation","negative"
"shelter","positive"
"shelter","trust"
"wait","anticipation"
"wait","negative"
"cross","anger"
"cross","fear"
"cross","negative"
"cross","sadness"
"volunteer","anticipation"
"volunteer","fear"
"volunteer","joy"
"volunteer","positive"
"volunteer","trust"
"organization","anticipation"
"organization","joy"
"organization","positive"
"organization","surprise"
"organization","trust"
"provide","positive"
"provide","trust"
"food","joy"
"food","positive"
"food","trust"
"shelter","positive"
"shelter","trust"
"medical","anticipation"
"medical","fear"
"medical","positive"
"medical","trust"
"arrival","anticipation"
"challenge","anger"
"challenge","fear"
"challenge","negative"
"official","trust"
"expect","anticipation"
"expect","positive"
"expect","surprise"
"expect","trust"
"increase","positive"
"asylum","fear"
"asylum","negative"
"plan","anticipation"
"title","positive"
"title","trust"
"public","anticipation"
"public","positive"
"restriction","anger"
"restriction","fear"
"restriction","negative"
"restriction","sadness"
"united","positive"
"united","trust"
"scarce","fear"
"scarce","negative"
"scarce","sadness"
"volunteers","trust"
"daily","anticipation"
"cross","anger"
"cross","fear"
"cross","negative"
"cross","sadness"
"watch","anticipation"
"watch","fear"
"refugee","sadness"
"detention","negative"
"detention","sadness"
"refugee","sadness"
"detention","negative"
"detention","sadness"
"statement","positive"
"statement","trust"
"government","fear"
"government","negative"
"policy","trust"
"detention","negative"
"detention","sadness"
"asylum","fear"
"asylum","negative"
"attempt","anticipation"
"increase","positive"
"detention","negative"
"detention","sadness"
"extend","positive"
"confinement","anger"
"confinement","fear"
"confinement","negative"
"confinement","sadness"
"detrimental","negative"
"seek","anticipation"
"detainee","anger"
"detainee","anticipation"
"detainee","fear"
"detainee","negative"
"detainee","sadness"
"detention","negative"
"detention","sadness"
"evacuate","fear"
"evacuate","negative"
"option","positive"
"seek","anticipation"
"united","positive"
"united","trust"
"refugee","sadness"
"danger","fear"
"danger","negative"
"danger","sadness"
"flee","fear"
"flee","negative"
"violence","anger"
"violence","fear"
"violence","negative"
"violence","sadness"
"force","anger"
"force","fear"
"force","negative"
"refugee","sadness"
"government","fear"
"government","negative"
"refugee","sadness"
"seek","anticipation"
"military","fear"
"authority","positive"
"authority","trust"
"refugee","sadness"
"official","trust"
"flood","fear"
"food","joy"
"food","positive"
"food","trust"
"supplies","positive"
"scarce","fear"
"scarce","negative"
"scarce","sadness"
"authority","positive"
"authority","trust"
"grant","anticipation"
"grant","joy"
"grant","positive"
"grant","trust"
"refugee","sadness"
"refugee","sadness"
"violence","anger"
"violence","fear"
"violence","negative"
"violence","sadness"
"persecution","anger"
"persecution","disgust"
"persecution","fear"
"persecution","negative"
"persecution","sadness"
"forcibly","anger"
"forcibly","fear"
"forcibly","negative"
"difficult","fear"
"journey","anticipation"
"journey","fear"
"journey","joy"
"journey","positive"
"increase","positive"
"include","positive"
"heavily","negative"
"guarded","trust"
"hope","anticipation"
"hope","joy"
"hope","positive"
"hope","surprise"
"hope","trust"
"peace","anticipation"
"peace","joy"
"peace","positive"
"peace","trust"
"talk","positive"
"holy","positive"
"offer","positive"
"glimmer","anticipation"
"glimmer","joy"
"glimmer","positive"
"glimmer","surprise"
"hope","anticipation"
"hope","joy"
"hope","positive"
"hope","surprise"
"hope","trust"
"conflict","anger"
"conflict","fear"
"conflict","negative"
"conflict","sadness"
"truce","joy"
"truce","positive"
"truce","trust"
"include","positive"
"military","fear"
"operation","fear"
"operation","trust"
"ship","anticipation"
"talk","positive"
"special","joy"
"special","positive"
"stress","negative"
"importance","anticipation"
"importance","positive"
"building","positive"
"agreement","positive"
"agreement","trust"
"trust","trust"
"peace","anticipation"
"peace","joy"
"peace","positive"
"peace","trust"
"talk","positive"
"conflict","anger"
"conflict","fear"
"conflict","negative"
"conflict","sadness"
"displace","negative"
"leave","negative"
"leave","sadness"
"leave","surprise"
"humanitarian","anticipation"
"humanitarian","joy"
"humanitarian","positive"
"humanitarian","surprise"
"humanitarian","trust"
"assistance","positive"
"inspired","joy"
"inspired","positive"
"inspired","surprise"
"inspired","trust"
"daughter","joy"
"daughter","positive"
"visit","positive"
"polish","positive"
"refugee","sadness"
"cash","anger"
"cash","anticipation"
"cash","fear"
"cash","joy"
"cash","positive"
"cash","trust"
"assistance","positive"
"cash","anger"
"cash","anticipation"
"cash","fear"
"cash","joy"
"cash","positive"
"cash","trust"
"medical","anticipation"
"medical","fear"
"medical","positive"
"medical","trust"
"supplies","positive"
"pray","anticipation"
"pray","fear"
"pray","joy"
"pray","positive"
"pray","surprise"
"pray","trust"
"war","fear"
"war","negative"
"war","fear"
"war","negative"
"food","joy"
"food","positive"
"food","trust"
"accord","positive"
"accord","trust"
"food","joy"
"food","positive"
"food","trust"
"organization","anticipation"
"organization","joy"
"organization","positive"
"organization","surprise"
"organization","trust"
